[
    {
        "idUser": 7,
        "idKeeper": 3,
        "adress": "keeper street 3",
        "petSizeToKeep": [
            "small",
            "medium"
        ],
        "priceToKeep": "4600",
        "initDate": "2022-10-27",
        "lastDate": "2022-12-03",
        "daysToWork": [
            "EveryDay"
        ],
        "isAvailable": true
    },
    {
        "idUser": 2,
        "idKeeper": 1,
        "adress": "keeper street 1",
        "petSizeToKeep": [
            "big"
        ],
        "priceToKeep": "375",
        "initDate": "2022-10-25",
        "lastDate": "2022-11-17",
        "daysToWork": [
            "Thursday"
        ],
        "isAvailable": true
    },
    {
        "idUser": 10,
        "idKeeper": 4,
        "adress": "Palma 1320",
        "petSizeToKeep": [
            "medium"
        ],
        "priceToKeep": "1500",
        "initDate": "2022-10-17",
        "lastDate": "2022-10-20",
        "daysToWork": [
            "Wednesday"
        ],
        "isAvailable": true
    },
    {
        "idUser": 11,
        "idKeeper": 5,
        "adress": "Palma 1320",
        "petSizeToKeep": [
            "big"
        ],
        "priceToKeep": "1500",
        "initDate": "2022-10-17",
        "lastDate": "2022-10-21",
        "daysToWork": [
            "Wednesday"
        ],
        "isAvailable": true
    },
    {
        "idUser": 12,
        "idKeeper": 6,
        "adress": "Palma 1320",
        "petSizeToKeep": [
            "medium"
        ],
        "priceToKeep": "1500",
        "initDate": "2022-10-17",
        "lastDate": "2022-10-20",
        "daysToWork": [
            "Tuesday"
        ],
        "isAvailable": true
    }
]