[
    {
        "id": 1,
        "userTypeId": "3",
        "firstName": "Daniel",
        "lastName": "Fernando Diaz",
        "dni": "42946306",
        "email": "danielferdiazz@gmail.com",
        "phoneNumber": "02233020724",
        "username": "admin1",
        "password": "1232"
    },
    {
        "id": 3,
        "userTypeId": "1",
        "firstName": "Matias",
        "lastName": "de Andrade",
        "dni": "51253123",
        "email": "matute@gmail.com",
        "phoneNumber": "1535623",
        "username": "matute",
        "password": "12345"
    },
    {
        "id": 5,
        "userTypeId": "2",
        "firstName": "Pepe",
        "lastName": "Picapiedra",
        "dni": "51353631",
        "email": "pepe@gmail.com",
        "phoneNumber": "3513635",
        "username": "pepito",
        "password": "123"
    },
    {
        "id": 6,
        "userTypeId": "1",
        "firstName": "Rodrigo",
        "lastName": "Rodriguez",
        "dni": "41253132",
        "email": "rodri@gmail.com",
        "phoneNumber": "535131",
        "username": "rodri",
        "password": "123"
    },
    {
        "id": 7,
        "userTypeId": "2",
        "firstName": "Roberto",
        "lastName": "Lucero",
        "dni": "5135123",
        "email": "moroso@gmail.com",
        "phoneNumber": "52341232",
        "username": "robert",
        "password": "123"
    },
    {
        "id": 8,
        "userTypeId": "1",
        "firstName": "Gonzalo",
        "lastName": "Reyes",
        "dni": "412124123",
        "email": "rey@gmail.com",
        "phoneNumber": "53142423",
        "username": "gonza",
        "password": "123"
    },
    {
        "id": 9,
        "userTypeId": "2",
        "firstName": "Agust\u00edn",
        "lastName": "\u00c1lvarez",
        "dni": "11314195",
        "email": "agus15@gmail.com",
        "phoneNumber": "11247411",
        "username": "agu",
        "password": "15"
    },
    {
        "id": 2,
        "userTypeId": "2",
        "firstName": "Agustin",
        "lastName": "Alvarez",
        "dni": "123456",
        "email": "agus@gmail.com",
        "phoneNumber": "41562521",
        "username": "agus_alvarez",
        "password": "1234"
    },
    {
        "id": 10,
        "userTypeId": "2",
        "firstName": "Gisel",
        "lastName": "Leguizamon",
        "dni": "37236925",
        "email": "gf12@gmail.com",
        "phoneNumber": "23534",
        "username": "gflegui",
        "password": "1234"
    },
    {
        "id": 11,
        "userTypeId": "2",
        "firstName": "Nico",
        "lastName": "Berto",
        "dni": "51454515215",
        "email": "nico@gmail.com",
        "phoneNumber": "2251454",
        "username": "nico",
        "password": "1234"
    },
    {
        "id": 12,
        "userTypeId": "2",
        "firstName": "Agust\u00edn",
        "lastName": "\u00c1lvarez",
        "dni": "12121212",
        "email": "agustin@gmail.com",
        "phoneNumber": "+542234467738",
        "username": "ag",
        "password": "1234"
    },
    {
        "id": 13,
        "userTypeId": "2",
        "firstName": "Roger",
        "lastName": "Federer",
        "dni": "276568136",
        "email": "rf@gmail.com",
        "phoneNumber": "225174558",
        "username": "roger",
        "password": "1234"
    }
]